,Size,Itemset
0,1,salty snack
1,1,whole milk
2,1,pastry
3,1,yogurt
4,1,sausage
5,1,soda
6,1,canned beer
7,1,misc. beverages
8,1,hygiene articles
9,1,rolls/buns
10,1,frankfurter
11,1,whipped/sour cream
12,1,curd
13,1,beef
14,1,white bread
15,1,butter
16,1,other vegetables
17,1,frozen vegetables
18,1,sugar
19,1,tropical fruit
20,1,specialty chocolate
21,1,butter milk
22,1,frozen meals
23,1,root vegetables
24,1,pip fruit
25,1,red/blush wine
26,1,chocolate
27,1,shopping bags
28,1,margarine
29,1,bottled water
30,1,chicken
31,1,bottled beer
32,1,dessert
33,1,hamburger meat
34,1,domestic eggs
35,1,white wine
36,1,newspapers
37,1,herbs
38,1,coffee
39,1,UHT-milk
40,1,specialty bar
41,1,sliced cheese
42,1,candy
43,1,citrus fruit
44,1,grapes
45,1,brown bread
46,1,processed cheese
47,1,onions
48,1,napkins
49,1,hard cheese
50,1,meat
51,1,fruit/vegetable juice
52,1,soft cheese
53,1,oil
54,1,long life bakery product
55,1,beverages
56,1,berries
57,1,ham
58,1,cream cheese 
59,1,pork
60,1,ice cream
61,1,waffles
62,1,cat food
63,1,chewing gum
