,Itemset,Support
0,time,0.2298
1,famili,0.139
2,work,0.1498
3,world,0.212
4,help,0.099
5,take,0.1168
6,book,0.2434
7,war,0.1066
8,two,0.1104
9,histori,0.121
10,one,0.2672
11,life,0.2546
12,becom,0.0932
13,love,0.1608
14,find,0.158
15,man,0.1302
16,power,0.1182
17,year,0.1742
18,come,0.1204
19,includ,0.1144
20,make,0.124
21,new,0.2912
22,first,0.193
23,stori,0.222
24,live,0.159
25,day,0.0914
26,novel,0.1444
27,york,0.117
28,reader,0.1108
29,american,0.094
30,young,0.112
31,peopl,0.0922
32,author,0.186
33,way,0.111
34,bestsel,0.1054
