,Itemset,Support
0,time,0.2298
1,famili,0.139
2,help,0.099
3,world,0.212
4,take,0.1168
5,work,0.1498
6,two,0.1104
7,book,0.2434
8,war,0.1066
9,histori,0.121
10,life,0.2546
11,year,0.1742
12,man,0.1302
13,power,0.1182
14,love,0.1608
15,come,0.1204
16,find,0.158
17,becom,0.0932
18,one,0.2672
19,includ,0.1144
20,make,0.124
21,new,0.2912
22,first,0.193
23,live,0.159
24,stori,0.222
25,day,0.0914
26,novel,0.1444
27,york,0.117
28,reader,0.1108
29,peopl,0.0922
30,young,0.112
31,american,0.094
32,author,0.186
33,way,0.111
34,bestsel,0.1054
