Size,Itemset
1,salty snack
1,whole milk
1,pastry
1,yogurt
1,sausage
1,soda
1,canned beer
1,misc. beverages
1,hygiene articles
1,rolls/buns
1,frankfurter
1,whipped/sour cream
1,curd
1,beef
1,white bread
1,butter
1,other vegetables
1,frozen vegetables
1,sugar
1,tropical fruit
1,specialty chocolate
1,butter milk
1,frozen meals
1,root vegetables
1,pip fruit
1,red/blush wine
1,chocolate
1,shopping bags
1,margarine
1,bottled water
1,chicken
1,bottled beer
1,dessert
1,hamburger meat
1,domestic eggs
1,white wine
1,newspapers
1,herbs
1,coffee
1,UHT-milk
1,specialty bar
1,sliced cheese
1,candy
1,citrus fruit
1,grapes
1,brown bread
1,processed cheese
1,onions
1,napkins
1,hard cheese
1,meat
1,fruit/vegetable juice
1,soft cheese
1,oil
1,long life bakery product
1,beverages
1,berries
1,ham
1,cream cheese 
1,pork
1,ice cream
1,waffles
1,cat food
1,chewing gum
2,"soda, whole milk"
2,"rolls/buns, whole milk"
2,"yogurt, whole milk"
2,"other vegetables, rolls/buns"
2,"other vegetables, whole milk"
