,Itemset
0,pastry
1,whole milk
2,salty snack
3,sausage
4,semi-finished bread
5,yogurt
6,pickled vegetables
7,soda
8,canned beer
9,misc. beverages
10,hygiene articles
11,rolls/buns
12,frankfurter
13,whipped/sour cream
14,curd
15,beef
16,white bread
17,butter
18,frozen vegetables
19,other vegetables
20,sugar
21,tropical fruit
22,specialty chocolate
23,butter milk
24,frozen meals
25,dental care
26,detergent
27,root vegetables
28,cling film/bags
29,dish cleaner
30,frozen fish
31,pip fruit
32,chocolate
33,red/blush wine
34,shopping bags
35,packaged fruit/vegetables
36,margarine
37,softener
38,bottled water
39,rice
40,skin care
41,bottled beer
42,chicken
43,flour
44,liquor (appetizer)
45,hamburger meat
46,dessert
47,liver loaf
48,domestic eggs
49,photo/film
50,white wine
51,cocoa drinks
52,canned fish
53,herbs
54,newspapers
55,ketchup
56,UHT-milk
57,coffee
58,specialty bar
59,sliced cheese
60,kitchen towels
61,candles
62,curd cheese
63,citrus fruit
64,candy
65,grapes
66,brown bread
67,processed cheese
68,onions
69,hard cheese
70,napkins
71,mustard
72,mayonnaise
73,meat
74,roll products 
75,cookware
76,fruit/vegetable juice
77,soft cheese
78,oil
79,pet care
80,long life bakery product
81,beverages
82,berries
83,cake bar
84,spices
85,baking powder
86,liquor
87,male cosmetics
88,fish
89,cream cheese 
90,ham
91,salt
92,pork
93,flower (seeds)
94,pot plants
95,ice cream
96,snack products
97,waffles
98,cat food
99,vinegar
100,chewing gum
101,Instant food products
102,pasta
103,prosecco
104,chocolate marshmallow
105,sweet spreads
106,condensed milk
107,house keeping products
108,dishes
109,female sanitary products
110,popcorn
111,dog food
112,meat spreads
113,spread cheese
114,sauces
115,frozen fruits
116,rum
117,finished products
118,instant coffee
119,artif. sweetener
120,bathroom cleaner
121,jam
122,whisky
123,pudding powder
124,sparkling wine
125,tea
126,cream
127,specialty fat
128,specialty cheese
129,frozen potato products
130,turkey
131,canned vegetables
132,zwieback
133,hair spray
134,nut snack
135,soups
136,cereals
137,seasonal products
138,ready soups
139,brandy
140,light bulbs
141,cleaner
142,syrup
143,canned fruit
144,honey
145,cooking chocolate
146,abrasive cleaner
147,liqueur
148,frozen dessert
149,organic sausage
150,flower soil/fertilizer
151,tidbits
152,make up remover
153,potato products
154,bags
155,preservation products
156,baby cosmetics
157,nuts/prunes
158,soap
159,decalcifier
160,kitchen utensil
161,organic products
162,frozen chicken
163,salad dressing
164,specialty vegetables
165,toilet cleaner
166,rubbing alcohol
