,Itemset
0,digital
1,marketing
2,specialist
3,web
4,developer
5,operations
6,manager
7,network
8,engineer
9,event
10,software
11,tester
12,teacher
13,ux/ui
14,designer
15,wedding
16,planner
17,qa
18,analyst
19,litigation
20,attorney
21,mechanical
22,administrator
23,account
24,brand
25,social
26,worker
27,media
28,coordinator
29,email
30,hr
31,generalist
32,legal
33,assistant
34,nurse
35,practitioner
36,director
37,purchasing
38,agent
39,sales
40,consultant
41,civil
42,security
43,ui
44,financial
45,psychologist
46,electrical
47,data
48,technical
49,writer
50,tax
51,executive
52,systems
53,database
54,research
55,entry
56,clerk
57,registered
58,investment
59,speech
60,therapist
61,landscape
62,architect
63,key
64,ux
65,researcher
66,banker
67,it
68,support
69,art
70,project
71,customer
72,service
73,procurement
74,substance
75,abuse
76,counselor
77,supply
78,chain
79,accountant
80,representative
81,environmental
82,human
83,resources
84,inventory
85,counsel
86,copywriter
87,content
88,business
89,development
90,java
91,family
92,front-end
93,success
94,urban
95,architectural
96,back-end
97,structural
98,market
99,lawyer
100,chemical
101,technician
102,interior
103,veterinarian
104,process
105,quality
106,assurance
107,pharmaceutical
108,office
109,physician
110,scientist
111,public
112,relations
113,controller
114,advisor
115,aerospace
116,paralegal
117,occupational
118,dental
119,hygienist
120,sem
121,seo
122,pediatrician
123,personal
124,graphic
125,finance
126,physical
127,product
128,administrative
129,ambassador
130,associate
131,secretary
